PARTICIPANT_ID,TEST_SECTION_ID,SENTENCE,USER_INPUT,KEYSTROKE_ID,PRESS_TIME,RELEASE_TIME,LETTER,KEYCODE
17616325218101627016,1,The quick brown fox jumps over the lazy dog,The quick brown fox jumps over the lazy dog,1,710208728,710208792,T,84
17616325218101627016,1,The quick brown fox jumps over the lazy dog,The quick brown fox jumps over the lazy dog,2,710208872,710208952,H,72
17616325218101627016,1,The quick brown fox jumps over the lazy dog,The quick brown fox jumps over the lazy dog,3,710208968,710209072,E,69
17616325218101627016,1,The quick brown fox jumps over the lazy dog,The quick brown fox jumps over the lazy dog,4,710209136,710209232, ,32
17616325218101627016,1,The quick brown fox jumps over the lazy dog,The quick brown fox jumps over the lazy dog,5,710209296,710209416,Q,81
17616325218101627016,1,The quick brown fox jumps over the lazy dog,The quick brown fox jumps over the lazy dog,6,710209432,710209536,U,85
17616325218101627016,1,The quick brown fox jumps over the lazy dog,The quick brown fox jumps over the lazy dog,7,710209512,710209616,I,73
17616325218101627016,1,The quick brown fox jumps over the lazy dog,The quick brown fox jumps over the lazy dog,8,710209760,710209856,C,67
17616325218101627016,1,The quick brown fox jumps over the lazy dog,The quick brown fox jumps over the lazy dog,9,710209840,710209936,K,75
17616325218101627016,1,The quick brown fox jumps over the lazy dog,The quick brown fox jumps over the lazy dog,10,710210016,710210120, ,32
17616325218101627016,1,The quick brown fox jumps over the lazy dog,The quick brown fox jumps over the lazy dog,11,710210216,710210280,B,66
17616325218101627016,1,The quick brown fox jumps over the lazy dog,The quick brown fox jumps over the lazy dog,12,710210744,710210824,R,82
17616325218101627016,1,The quick brown fox jumps over the lazy dog,The quick brown fox jumps over the lazy dog,13,710210864,710210944,O,79
17616325218101627016,1,The quick brown fox jumps over the lazy dog,The quick brown fox jumps over the lazy dog,14,710210986,710211104,W,87
17616325218101627016,1,The quick brown fox jumps over the lazy dog,The quick brown fox jumps over the lazy dog,15,710211144,710211224,N,78
17616325218101627016,1,The quick brown fox jumps over the lazy dog,The quick brown fox jumps over the lazy dog,16,710211304,710211368, ,32
17616325218101627016,1,The quick brown fox jumps over the lazy dog,The quick brown fox jumps over the lazy dog,17,710211512,710211608,F,70
17616325218101627016,1,The quick brown fox jumps over the lazy dog,The quick brown fox jumps over the lazy dog,18,710211632,710211712,O,79
17616325218101627016,1,The quick brown fox jumps over the lazy dog,The quick brown fox jumps over the lazy dog,19,710212056,710212152,X,88
17616325218101627016,1,The quick brown fox jumps over the lazy dog,The quick brown fox jumps over the lazy dog,20,710212256,710212336, ,32
17616325218101627016,1,The quick brown fox jumps over the lazy dog,The quick brown fox jumps over the lazy dog,21,710213096,710213184,J,74
17616325218101627016,1,The quick brown fox jumps over the lazy dog,The quick brown fox jumps over the lazy dog,22,710213280,710213344,U,85
17616325218101627016,1,The quick brown fox jumps over the lazy dog,The quick brown fox jumps over the lazy dog,23,710213640,710213728,M,77
17616325218101627016,1,The quick brown fox jumps over the lazy dog,The quick brown fox jumps over the lazy dog,24,710213928,710214024,P,80
17616325218101627016,1,The quick brown fox jumps over the lazy dog,The quick brown fox jumps over the lazy dog,25,710214008,710214088,S,83
17616325218101627016,1,The quick brown fox jumps over the lazy dog,The quick brown fox jumps over the lazy dog,26,710214105,710214209, ,32
17616325218101627016,1,The quick brown fox jumps over the lazy dog,The quick brown fox jumps over the lazy dog,27,710214312,710214392,O,79
17616325218101627016,1,The quick brown fox jumps over the lazy dog,The quick brown fox jumps over the lazy dog,28,710214568,710214729,V,86
17616325218101627016,1,The quick brown fox jumps over the lazy dog,The quick brown fox jumps over the lazy dog,29,710214632,710214768,E,69
17616325218101627016,1,The quick brown fox jumps over the lazy dog,The quick brown fox jumps over the lazy dog,30,710214872,710214976,R,82
17616325218101627016,1,The quick brown fox jumps over the lazy dog,The quick brown fox jumps over the lazy dog,31,710214992,710215073, ,32
17616325218101627016,1,The quick brown fox jumps over the lazy dog,The quick brown fox jumps over the lazy dog,32,710215256,710215312,T,84
17616325218101627016,1,The quick brown fox jumps over the lazy dog,The quick brown fox jumps over the lazy dog,33,710215376,710215480,H,72
17616325218101627016,1,The quick brown fox jumps over the lazy dog,The quick brown fox jumps over the lazy dog,34,710215496,710215600,E,69
17616325218101627016,1,The quick brown fox jumps over the lazy dog,The quick brown fox jumps over the lazy dog,35,710215616,710215680, ,32
17616325218101627016,1,The quick brown fox jumps over the lazy dog,The quick brown fox jumps over the lazy dog,36,710215880,710215960,L,76
17616325218101627016,1,The quick brown fox jumps over the lazy dog,The quick brown fox jumps over the lazy dog,37,710215987,710216080,A,65
17616325218101627016,1,The quick brown fox jumps over the lazy dog,The quick brown fox jumps over the lazy dog,38,710216200,710216280,Z,90
17616325218101627016,1,The quick brown fox jumps over the lazy dog,The quick brown fox jumps over the lazy dog,39,710216464,710216544,Y,89
17616325218101627016,1,The quick brown fox jumps over the lazy dog,The quick brown fox jumps over the lazy dog,40,710216648,710216744, ,32
17616325218101627016,1,The quick brown fox jumps over the lazy dog,The quick brown fox jumps over the lazy dog,41,710218232,710218336,D,68
17616325218101627016,1,The quick brown fox jumps over the lazy dog,The quick brown fox jumps over the lazy dog,42,710218320,710218400,O,79
17616325218101627016,1,The quick brown fox jumps over the lazy dog,The quick brown fox jumps over the lazy dog,43,710218536,710218640,G,71
17616325218101627016,2,Pack my box with five dozen liquor jugs,Pack my box with five dozen liquor jugs,1,710219808,710219864,P,80
17616325218101627016,2,Pack my box with five dozen liquor jugs,Pack my box with five dozen liquor jugs,2,710219928,710220048,A,65
17616325218101627016,2,Pack my box with five dozen liquor jugs,Pack my box with five dozen liquor jugs,3,710220112,710220248,C,67
17616325218101627016,2,Pack my box with five dozen liquor jugs,Pack my box with five dozen liquor jugs,4,710220232,710220288,K,75
17616325218101627016,2,Pack my box with five dozen liquor jugs,Pack my box with five dozen liquor jugs,5,710220392,710220488, ,32
17616325218101627016,2,Pack my box with five dozen liquor jugs,Pack my box with five dozen liquor jugs,6,710220656,710220736,M,77
17616325218101627016,2,Pack my box with five dozen liquor jugs,Pack my box with five dozen liquor jugs,7,710220872,710220977,Y,89
17616325218101627016,2,Pack my box with five dozen liquor jugs,Pack my box with five dozen liquor jugs,8,710221056,710221160, ,32
17616325218101627016,2,Pack my box with five dozen liquor jugs,Pack my box with five dozen liquor jugs,9,710221240,710221320,B,66
17616325218101627016,2,Pack my box with five dozen liquor jugs,Pack my box with five dozen liquor jugs,10,710221536,710221616,O,79
17616325218101627016,2,Pack my box with five dozen liquor jugs,Pack my box with five dozen liquor jugs,11,710221640,710221744,X,88
17616325218101627016,2,Pack my box with five dozen liquor jugs,Pack my box with five dozen liquor jugs,12,710221760,710221864, ,32
17616325218101627016,2,Pack my box with five dozen liquor jugs,Pack my box with five dozen liquor jugs,13,710222040,710222160,W,87
17616325218101627016,2,Pack my box with five dozen liquor jugs,Pack my box with five dozen liquor jugs,14,710222120,710222224,I,73
17616325218101627016,2,Pack my box with five dozen liquor jugs,Pack my box with five dozen liquor jugs,15,710222368,710222448,T,84
17616325218101627016,2,Pack my box with five dozen liquor jugs,Pack my box with five dozen liquor jugs,16,710222544,710222609,H,72
17616325218101627016,2,Pack my box with five dozen liquor jugs,Pack my box with five dozen liquor jugs,17,710222928,710223008, ,32
17616325218101627016,2,Pack my box with five dozen liquor jugs,Pack my box with five dozen liquor jugs,18,710223128,710223208,F,70
17616325218101627016,2,Pack my box with five dozen liquor jugs,Pack my box with five dozen liquor jugs,19,710223248,710223328,I,73
17616325218101627016,2,Pack my box with five dozen liquor jugs,Pack my box with five dozen liquor jugs,20,710223536,710223656,V,86
17616325218101627016,2,Pack my box with five dozen liquor jugs,Pack my box with five dozen liquor jugs,21,710223592,710223736,E,69
17616325218101627016,2,Pack my box with five dozen liquor jugs,Pack my box with five dozen liquor jugs,22,710223752,710223856, ,32
17616325218101627016,2,Pack my box with five dozen liquor jugs,Pack my box with five dozen liquor jugs,23,710224000,710224096,D,68
17616325218101627016,2,Pack my box with five dozen liquor jugs,Pack my box with five dozen liquor jugs,24,710224240,710224320,O,79
17616325218101627016,2,Pack my box with five dozen liquor jugs,Pack my box with five dozen liquor jugs,25,710224336,710224504,Z,90
17616325218101627016,2,Pack my box with five dozen liquor jugs,Pack my box with five dozen liquor jugs,26,710224520,710224640,E,69
17616325218101627016,2,Pack my box with five dozen liquor jugs,Pack my box with five dozen liquor jugs,27,710224665,710224744,N,78
17616325218101627016,2,Pack my box with five dozen liquor jugs,Pack my box with five dozen liquor jugs,28,710224784,710224864, ,32
17616325218101627016,2,Pack my box with five dozen liquor jugs,Pack my box with five dozen liquor jugs,29,710226376,710226456,L,76
17616325218101627016,2,Pack my box with five dozen liquor jugs,Pack my box with five dozen liquor jugs,30,710226536,710226632,I,73
17616325218101627016,2,Pack my box with five dozen liquor jugs,Pack my box with five dozen liquor jugs,31,710226712,710226816,Q,81
17616325218101627016,2,Pack my box with five dozen liquor jugs,Pack my box with five dozen liquor jugs,32,710226800,710226880,U,85
17616325218101627016,2,Pack my box with five dozen liquor jugs,Pack my box with five dozen liquor jugs,33,710227040,710227136,O,79
17616325218101627016,2,Pack my box with five dozen liquor jugs,Pack my box with five dozen liquor jugs,34,710227256,710227336,R,82
17616325218101627016,2,Pack my box with five dozen liquor jugs,Pack my box with five dozen liquor jugs,35,710227360,710227480, ,32
17616325218101627016,2,Pack my box with five dozen liquor jugs,Pack my box with five dozen liquor jugs,36,710228208,710228288,J,74
17616325218101627016,2,Pack my box with five dozen liquor jugs,Pack my box with five dozen liquor jugs,37,710228344,710228424,U,85
17616325218101627016,2,Pack my box with five dozen liquor jugs,Pack my box with five dozen liquor jugs,38,710228592,710228672,G,71
17616325218101627016,2,Pack my box with five dozen liquor jugs,Pack my box with five dozen liquor jugs,39,710228648,710228728,S,83
17616325218101627016,3,How razorback jumping frogs can level six piqued gymnasts,How razorback jumping frogs can level six piqued gymnasts,1,710230002,710230056,H,72
17616325218101627016,3,How razorback jumping frogs can level six piqued gymnasts,How razorback jumping frogs can level six piqued gymnasts,2,710230320,710230424,O,79
17616325218101627016,3,How razorback jumping frogs can level six piqued gymnasts,How razorback jumping frogs can level six piqued gymnasts,3,710230440,710230544,W,87
17616325218101627016,3,How razorback jumping frogs can level six piqued gymnasts,How razorback jumping frogs can level six piqued gymnasts,4,710230584,710230680, ,32
17616325218101627016,3,How razorback jumping frogs can level six piqued gymnasts,How razorback jumping frogs can level six piqued gymnasts,5,710230808,710230928,R,82
17616325218101627016,3,How razorback jumping frogs can level six piqued gymnasts,How razorback jumping frogs can level six piqued gymnasts,6,710231104,710231224,A,65
17616325218101627016,3,How razorback jumping frogs can level six piqued gymnasts,How razorback jumping frogs can level six piqued gymnasts,7,710231408,710231528,Z,90
17616325218101627016,3,How razorback jumping frogs can level six piqued gymnasts,How razorback jumping frogs can level six piqued gymnasts,8,710231752,710231832,O,79
17616325218101627016,3,How razorback jumping frogs can level six piqued gymnasts,How razorback jumping frogs can level six piqued gymnasts,9,710231808,710231936,R,82
17616325218101627016,3,How razorback jumping frogs can level six piqued gymnasts,How razorback jumping frogs can level six piqued gymnasts,10,710232976,710233064,B,66
17616325218101627016,3,How razorback jumping frogs can level six piqued gymnasts,How razorback jumping frogs can level six piqued gymnasts,11,710233040,710233160,A,65
17616325218101627016,3,How razorback jumping frogs can level six piqued gymnasts,How razorback jumping frogs can level six piqued gymnasts,12,710233304,710233400,C,67
17616325218101627016,3,How razorback jumping frogs can level six piqued gymnasts,How razorback jumping frogs can level six piqued gymnasts,13,710233424,710233480,K,75
17616325218101627016,3,How razorback jumping frogs can level six piqued gymnasts,How razorback jumping frogs can level six piqued gymnasts,14,710233584,710233688, ,32
17616325218101627016,3,How razorback jumping frogs can level six piqued gymnasts,How razorback jumping frogs can level six piqued gymnasts,15,710233768,710233864,J,74
17616325218101627016,3,How razorback jumping frogs can level six piqued gymnasts,How razorback jumping frogs can level six piqued gymnasts,16,710233928,710234008,U,85
17616325218101627016,3,How razorback jumping frogs can level six piqued gymnasts,How razorback jumping frogs can level six piqued gymnasts,17,710234144,710234233,M,77
17616325218101627016,3,How razorback jumping frogs can level six piqued gymnasts,How razorback jumping frogs can level six piqued gymnasts,18,710234449,710234552,P,80
17616325218101627016,3,How razorback jumping frogs can level six piqued gymnasts,How razorback jumping frogs can level six piqued gymnasts,19,710234648,710234736,I,73
17616325218101627016,3,How razorback jumping frogs can level six piqued gymnasts,How razorback jumping frogs can level six piqued gymnasts,20,710234856,710234936,N,78
17616325218101627016,3,How razorback jumping frogs can level six piqued gymnasts,How razorback jumping frogs can level six piqued gymnasts,21,710234952,710235032,G,71
17616325218101627016,3,How razorback jumping frogs can level six piqued gymnasts,How razorback jumping frogs can level six piqued gymnasts,22,710235056,710235136, ,32
17616325218101627016,3,How razorback jumping frogs can level six piqued gymnasts,How razorback jumping frogs can level six piqued gymnasts,23,710236280,710236424,F,70
17616325218101627016,3,How razorback jumping frogs can level six piqued gymnasts,How razorback jumping frogs can level six piqued gymnasts,24,710236360,710236528,R,82
17616325218101627016,3,How razorback jumping frogs can level six piqued gymnasts,How razorback jumping frogs can level six piqued gymnasts,25,710236624,710236728,O,79
17616325218101627016,3,How razorback jumping frogs can level six piqued gymnasts,How razorback jumping frogs can level six piqued gymnasts,26,710237009,710237088,G,71
17616325218101627016,3,How razorback jumping frogs can level six piqued gymnasts,How razorback jumping frogs can level six piqued gymnasts,27,710237072,710237168,S,83
17616325218101627016,3,How razorback jumping frogs can level six piqued gymnasts,How razorback jumping frogs can level six piqued gymnasts,28,710237208,710237288, ,32
17616325218101627016,3,How razorback jumping frogs can level six piqued gymnasts,How razorback jumping frogs can level six piqued gymnasts,29,710237632,710237752,C,67
17616325218101627016,3,How razorback jumping frogs can level six piqued gymnasts,How razorback jumping frogs can level six piqued gymnasts,30,710237696,710237832,A,65
17616325218101627016,3,How razorback jumping frogs can level six piqued gymnasts,How razorback jumping frogs can level six piqued gymnasts,31,710237816,710237872,N,78
17616325218101627016,3,How razorback jumping frogs can level six piqued gymnasts,How razorback jumping frogs can level six piqued gymnasts,32,710237952,710238032, ,32
17616325218101627016,3,How razorback jumping frogs can level six piqued gymnasts,How razorback jumping frogs can level six piqued gymnasts,33,710239184,710239288,L,76
17616325218101627016,3,How razorback jumping frogs can level six piqued gymnasts,How razorback jumping frogs can level six piqued gymnasts,34,710239264,710239384,E,69
17616325218101627016,3,How razorback jumping frogs can level six piqued gymnasts,How razorback jumping frogs can level six piqued gymnasts,35,710239608,710239728,V,86
17616325218101627016,3,How razorback jumping frogs can level six piqued gymnasts,How razorback jumping frogs can level six piqued gymnasts,36,710239648,710239808,E,69
17616325218101627016,3,How razorback jumping frogs can level six piqued gymnasts,How razorback jumping frogs can level six piqued gymnasts,37,710239832,710239928,L,76
17616325218101627016,3,How razorback jumping frogs can level six piqued gymnasts,How razorback jumping frogs can level six piqued gymnasts,38,710240009,710240112, ,32
17616325218101627016,3,How razorback jumping frogs can level six piqued gymnasts,How razorback jumping frogs can level six piqued gymnasts,39,710240288,710240368,S,83
17616325218101627016,3,How razorback jumping frogs can level six piqued gymnasts,How razorback jumping frogs can level six piqued gymnasts,40,710240392,710240472,I,73
17616325218101627016,3,How razorback jumping frogs can level six piqued gymnasts,How razorback jumping frogs can level six piqued gymnasts,41,710240536,710240656,X,88
17616325218101627016,3,How razorback jumping frogs can level six piqued gymnasts,How razorback jumping frogs can level six piqued gymnasts,42,710240712,710240832, ,32
17616325218101627016,3,How razorback jumping frogs can level six piqued gymnasts,How razorback jumping frogs can level six piqued gymnasts,43,710242368,710242424,P,80
17616325218101627016,3,How razorback jumping frogs can level six piqued gymnasts,How razorback jumping frogs can level six piqued gymnasts,44,710242568,710242648,I,73
17616325218101627016,3,How razorback jumping frogs can level six piqued gymnasts,How razorback jumping frogs can level six piqued gymnasts,45,710242848,710242952,Q,81
17616325218101627016,3,How razorback jumping frogs can level six piqued gymnasts,How razorback jumping frogs can level six piqued gymnasts,46,710242928,710243009,U,85
17616325218101627016,3,How razorback jumping frogs can level six piqued gymnasts,How razorback jumping frogs can level six piqued gymnasts,47,710243088,710243192,E,69
17616325218101627016,3,How razorback jumping frogs can level six piqued gymnasts,How razorback jumping frogs can level six piqued gymnasts,48,710243272,710243352,D,68
17616325218101627016,3,How razorback jumping frogs can level six piqued gymnasts,How razorback jumping frogs can level six piqued gymnasts,49,710243376,710243456, ,32
17616325218101627016,3,How razorback jumping frogs can level six piqued gymnasts,How razorback jumping frogs can level six piqued gymnasts,50,710244384,710244480,G,71
17616325218101627016,3,How razorback jumping frogs can level six piqued gymnasts,How razorback jumping frogs can level six piqued gymnasts,51,710244584,710244664,Y,89
17616325218101627016,3,How razorback jumping frogs can level six piqued gymnasts,How razorback jumping frogs can level six piqued gymnasts,52,710245104,710245208,M,77
17616325218101627016,3,How razorback jumping frogs can level six piqued gymnasts,How razorback jumping frogs can level six piqued gymnasts,53,710245288,710245384,N,78
17616325218101627016,3,How razorback jumping frogs can level six piqued gymnasts,How razorback jumping frogs can level six piqued gymnasts,54,710245672,710245792,A,65
17616325218101627016,3,How razorback jumping frogs can level six piqued gymnasts,How razorback jumping frogs can level six piqued gymnasts,55,710247136,710247264,S,83
17616325218101627016,3,How razorback jumping frogs can level six piqued gymnasts,How razorback jumping frogs can level six piqued gymnasts,56,710247721,710247808,T,84
17616325218101627016,3,How razorback jumping frogs can level six piqued gymnasts,How razorback jumping frogs can level six piqued gymnasts,57,710247984,710248088,S,83
17616325218101627016,4,Crazy Fredrick bought many very exquisite opal jewels,Crazy Fredrick bought many very exquisite opal jewels,1,710249560,710249696,C,67
17616325218101627016,4,Crazy Fredrick bought many very exquisite opal jewels,Crazy Fredrick bought many very exquisite opal jewels,2,710250064,710250144,R,82
17616325218101627016,4,Crazy Fredrick bought many very exquisite opal jewels,Crazy Fredrick bought many very exquisite opal jewels,3,710250104,710250224,A,65
17616325218101627016,4,Crazy Fredrick bought many very exquisite opal jewels,Crazy Fredrick bought many very exquisite opal jewels,4,710250320,710250440,Z,90
17616325218101627016,4,Crazy Fredrick bought many very exquisite opal jewels,Crazy Fredrick bought many very exquisite opal jewels,5,710250464,710250520,Y,89
17616325218101627016,4,Crazy Fredrick bought many very exquisite opal jewels,Crazy Fredrick bought many very exquisite opal jewels,6,710250648,710250744, ,32
17616325218101627016,4,Crazy Fredrick bought many very exquisite opal jewels,Crazy Fredrick bought many very exquisite opal jewels,7,710250984,710251064,F,70
17616325218101627016,4,Crazy Fredrick bought many very exquisite opal jewels,Crazy Fredrick bought many very exquisite opal jewels,8,710251168,710251248,R,82
17616325218101627016,4,Crazy Fredrick bought many very exquisite opal jewels,Crazy Fredrick bought many very exquisite opal jewels,9,710251272,710251368,E,69
17616325218101627016,4,Crazy Fredrick bought many very exquisite opal jewels,Crazy Fredrick bought many very exquisite opal jewels,10,710251648,710251776,D,68
17616325218101627016,4,Crazy Fredrick bought many very exquisite opal jewels,Crazy Fredrick bought many very exquisite opal jewels,11,710252072,710252176,R,82
17616325218101627016,4,Crazy Fredrick bought many very exquisite opal jewels,Crazy Fredrick bought many very exquisite opal jewels,12,710252216,710252296,I,73
17616325218101627016,4,Crazy Fredrick bought many very exquisite opal jewels,Crazy Fredrick bought many very exquisite opal jewels,13,710252320,710252440,C,67
17616325218101627016,4,Crazy Fredrick bought many very exquisite opal jewels,Crazy Fredrick bought many very exquisite opal jewels,14,710252456,710252536,K,75
17616325218101627016,4,Crazy Fredrick bought many very exquisite opal jewels,Crazy Fredrick bought many very exquisite opal jewels,15,710253160,710253224, ,32
17616325218101627016,4,Crazy Fredrick bought many very exquisite opal jewels,Crazy Fredrick bought many very exquisite opal jewels,16,710253784,710253864,B,66
17616325218101627016,4,Crazy Fredrick bought many very exquisite opal jewels,Crazy Fredrick bought many very exquisite opal jewels,17,710254248,710254328,O,79
17616325218101627016,4,Crazy Fredrick bought many very exquisite opal jewels,Crazy Fredrick bought many very exquisite opal jewels,18,710254432,710254528,U,85
17616325218101627016,4,Crazy Fredrick bought many very exquisite opal jewels,Crazy Fredrick bought many very exquisite opal jewels,19,710254872,710254952,G,71
17616325218101627016,4,Crazy Fredrick bought many very exquisite opal jewels,Crazy Fredrick bought many very exquisite opal jewels,20,710255056,710255136,H,72
17616325218101627016,4,Crazy Fredrick bought many very exquisite opal jewels,Crazy Fredrick bought many very exquisite opal jewels,21,710255160,710255240,T,84
17616325218101627016,4,Crazy Fredrick bought many very exquisite opal jewels,Crazy Fredrick bought many very exquisite opal jewels,22,710255280,710255336, ,32
17616325218101627016,4,Crazy Fredrick bought many very exquisite opal jewels,Crazy Fredrick bought many very exquisite opal jewels,23,710256144,710256224,M,77
17616325218101627016,4,Crazy Fredrick bought many very exquisite opal jewels,Crazy Fredrick bought many very exquisite opal jewels,24,710256200,710256304,A,65
17616325218101627016,4,Crazy Fredrick bought many very exquisite opal jewels,Crazy Fredrick bought many very exquisite opal jewels,25,710256328,710256384,N,78
17616325218101627016,4,Crazy Fredrick bought many very exquisite opal jewels,Crazy Fredrick bought many very exquisite opal jewels,26,710256504,710256584,Y,89
17616325218101627016,4,Crazy Fredrick bought many very exquisite opal jewels,Crazy Fredrick bought many very exquisite opal jewels,27,710256704,710256808, ,32
17616325218101627016,4,Crazy Fredrick bought many very exquisite opal jewels,Crazy Fredrick bought many very exquisite opal jewels,28,710256928,710256992,V,86
17616325218101627016,4,Crazy Fredrick bought many very exquisite opal jewels,Crazy Fredrick bought many very exquisite opal jewels,29,710257009,710257088,E,69
17616325218101627016,4,Crazy Fredrick bought many very exquisite opal jewels,Crazy Fredrick bought many very exquisite opal jewels,30,710257232,710257312,R,82
17616325218101627016,4,Crazy Fredrick bought many very exquisite opal jewels,Crazy Fredrick bought many very exquisite opal jewels,31,710257328,710257392,Y,89
17616325218101627016,4,Crazy Fredrick bought many very exquisite opal jewels,Crazy Fredrick bought many very exquisite opal jewels,32,710257512,710257592, ,32
17616325218101627016,4,Crazy Fredrick bought many very exquisite opal jewels,Crazy Fredrick bought many very exquisite opal jewels,33,710258800,710258904,E,69
17616325218101627016,4,Crazy Fredrick bought many very exquisite opal jewels,Crazy Fredrick bought many very exquisite opal jewels,34,710259120,710259248,X,88
17616325218101627016,4,Crazy Fredrick bought many very exquisite opal jewels,Crazy Fredrick bought many very exquisite opal jewels,35,710259528,710259624,Q,81
17616325218101627016,4,Crazy Fredrick bought many very exquisite opal jewels,Crazy Fredrick bought many very exquisite opal jewels,36,710261416,710261520,U,85
17616325218101627016,4,Crazy Fredrick bought many very exquisite opal jewels,Crazy Fredrick bought many very exquisite opal jewels,37,710262304,710262408,I,73
17616325218101627016,4,Crazy Fredrick bought many very exquisite opal jewels,Crazy Fredrick bought many very exquisite opal jewels,38,710263088,710263193,S,83
17616325218101627016,4,Crazy Fredrick bought many very exquisite opal jewels,Crazy Fredrick bought many very exquisite opal jewels,39,710263216,710263312,I,73
17616325218101627016,4,Crazy Fredrick bought many very exquisite opal jewels,Crazy Fredrick bought many very exquisite opal jewels,40,710263432,710263536,T,84
17616325218101627016,4,Crazy Fredrick bought many very exquisite opal jewels,Crazy Fredrick bought many very exquisite opal jewels,41,710263552,710263616,E,69
17616325218101627016,4,Crazy Fredrick bought many very exquisite opal jewels,Crazy Fredrick bought many very exquisite opal jewels,42,710263672,710263760, ,32
17616325218101627016,4,Crazy Fredrick bought many very exquisite opal jewels,Crazy Fredrick bought many very exquisite opal jewels,43,710264784,710264864,O,79
17616325218101627016,4,Crazy Fredrick bought many very exquisite opal jewels,Crazy Fredrick bought many very exquisite opal jewels,44,710264944,710265024,P,80
17616325218101627016,4,Crazy Fredrick bought many very exquisite opal jewels,Crazy Fredrick bought many very exquisite opal jewels,45,710265064,710265184,A,65
17616325218101627016,4,Crazy Fredrick bought many very exquisite opal jewels,Crazy Fredrick bought many very exquisite opal jewels,46,710265208,710265288,L,76
17616325218101627016,4,Crazy Fredrick bought many very exquisite opal jewels,Crazy Fredrick bought many very exquisite opal jewels,47,710265408,710265528, ,32
17616325218101627016,4,Crazy Fredrick bought many very exquisite opal jewels,Crazy Fredrick bought many very exquisite opal jewels,48,710265952,710266017,J,74
17616325218101627016,4,Crazy Fredrick bought many very exquisite opal jewels,Crazy Fredrick bought many very exquisite opal jewels,49,710266033,710266152,E,69
17616325218101627016,4,Crazy Fredrick bought many very exquisite opal jewels,Crazy Fredrick bought many very exquisite opal jewels,50,710266432,710266616,W,87
17616325218101627016,4,Crazy Fredrick bought many very exquisite opal jewels,Crazy Fredrick bought many very exquisite opal jewels,51,710266512,710266656,E,69
17616325218101627016,4,Crazy Fredrick bought many very exquisite opal jewels,Crazy Fredrick bought many very exquisite opal jewels,52,710266760,710266841,L,76
17616325218101627016,4,Crazy Fredrick bought many very exquisite opal jewels,Crazy Fredrick bought many very exquisite opal jewels,53,710266880,710266920,S,83
